INSERT INTO escenarios (id, nombre, capacidad) VALUES
(1, 'Techno Cave', 15000),
(2, 'Underground Dome', 5000),
(3, 'Forest Vibes', 3000),
(4, 'Psy Trance Garden', 1500);

INSERT INTO artistas (id, nombre, pais, escenario_id) VALUES
(1, 'Charlotte de Witte', 'Bélgica', 1),
(2, 'Adam Beyer', 'Suecia', 1),
(3, 'Carl Cox', 'Reino Unido', 1),
(4, 'Nina Kraviz', 'Rusia', 1),
(5, 'Amelie Lens', 'Bélgica', 1),
(6, 'Anyma', 'Italia', 1),
(7, 'Indira Paganotto', 'España', 1),
(8, 'Sara Landry', 'EE.UU.', 1),
(9, 'Justice', 'Francia', 2),
(10, 'Tame Impala', 'Australia', 2),
(11, 'Fred Again..', 'Reino Unido', 2),
(12, 'Skrillex', 'EE.UU.', 2),
(13, 'David Guetta', 'Francia', 2),
(14, 'Martin Garrix', 'Países Bajos', 2),
(15, 'Fisher', 'Australia', 2),
(16, 'Michael Bibi', 'Reino Unido', 2),
(17, 'Jazzy', 'Irlanda', 3),
(18, 'Dom Dolla', 'Australia', 3),
(19, 'Greta Levska', 'Escocia', 3),
(20, 'Peggy Gou', 'Corea del Sur', 3),
(21, 'Jamie xx', 'Reino Unido', 3),
(22, 'Chris Lake', 'Reino Unido', 3),
(23, 'James Hype', 'Reino Unido', 3),
(24, 'Solomun', 'Bosnia y Herzegovina', 3),
(25, 'Rebekah', 'Reino Unido', 4),
(26, 'Dillon Francis', 'EE.UU.', 4),
(27, 'Boys Noize', 'Alemania', 4),
(28, 'Fjaak', 'Alemania', 4),
(29, 'Dubfire', 'EE.UU.', 4),
(30, 'Henry Brooks', 'Reino Unido', 4),
(31, 'Octave One', 'EE.UU.', 4),
(32, 'Marcel Dettmann', 'Alemania', 4);

INSERT INTO tickets (id, precio, id_espectador) VALUES
(1, 50.00, 23),
(2, 75.00, 7),
(3, 60.00, 39),
(4, 100.00, 12),
(5, 80.00, 45),
(6, 50.00, 3),
(7, 120.00, 29),
(8, 90.00, 41),
(9, 70.00, 19),
(10, 60.00, 36),
(11, 50.00, 50),
(12, 80.00, 8),
(13, 75.00, 21),
(14, 100.00, 4),
(15, 90.00, 32),
(16, 50.00, 17),
(17, 120.00, 11),
(18, 70.00, 27),
(19, 60.00, 2),
(20, 80.00, 44),
(21, 50.00, 5),
(22, 100.00, 38),
(23, 75.00, 13),
(24, 90.00, 46),
(25, 50.00, 9),
(26, 120.00, 34),
(27, 60.00, 20),
(28, 80.00, 31),
(29, 50.00, 1),
(30, 100.00, 42),
(31, 75.00, 15),
(32, 90.00, 26),
(33, 50.00, 6),
(34, 120.00, 37),
(35, 60.00, 14),
(36, 80.00, 10),
(37, 50.00, 22),
(38, 100.00, 18),
(39, 75.00, 48),
(40, 90.00, 35),
(41, 50.00, 16),
(42, 120.00, 28),
(43, 60.00, 43),
(44, 80.00, 24),
(45, 50.00, 40),
(46, 100.00, 25),
(47, 75.00, 33),
(48, 90.00, 30),
(49, 50.00, 47),
(50, 120.00, 49);